Player,Position,Team,Age,Level,ETA,"FantraxHQ_Roto (Wes Hughes, Feb 2026)","HarryKnowsBall (Crowdsourced, Jun 2026)","The Athletic (Chris Welsh, Feb 2026)","RotoBaller (Eric Cross, Jun 2026)","FantasyPros (FantasyPros, Mar 2026)",Baseball America (Jun 2026),"Owen FBB Invitational (Startup, Feb 2026)",Dynasty Dugout (Jun 2026),Average Rank,Rank Variance
A.J. Ewing,OF,NYM,21.6,AA,,,162,,167,,89,,,139.3333,0.3025
AJ Smith-Shawver,SP,ATL,23,A,,244,311,,,219,308,310,,278.4,0.1543
Aaron Judge,OF,NYY,33,MLB,,4,13,14,19,14,14,4,5,10.875,0.3602
Aaron Nola,SP,PHI,32,MLB,,210,491,234,,210,301,249,,282.5,0.374
Abner Uribe,RP,MIL,25,MLB,,275,315,363,,,,181,,283.5,0.2677
Adael Amador,2B,COL,22.9,MLB,,,,,,,,446,,446.0,
Addison Barger,3B,TOR,26,MLB,,135,338,179,,191,181,131,,192.5,0.3828
Adley Rutschman,C,BAL,27,MLB,,177,127,124,160,115,230,143,,153.7143,0.2522
Adolis Garcia,OF,TEX,32,,,376,,322,,,,286,,328.0,0.136
Adrian Morejon,RP,SD,27,MLB,,,,,,,,358,,358.0,
Agustin Ramirez,C,MIA,24,MLB,,90,217,115,,107,302,100,,155.1667,0.5342
Aidan Miller,SS,PHI,21,AAA,2026,148,160,113,174,125,236,,,159.3333,0.2659
Aidan Smith,OF,TB,21.6,A+,,,,,,,,,,407.0,
Aiva Arquette,SS,MIA,22,A+,2028,316,285,242,,,362,,,301.25,0.1652
Alec Bohm,3B,PHI,29,,,317,,379,,293,329,276,,318.8,0.1219
Alec Burleson,1B,STL,27,MLB,,250,237,232,95,,222,206,,207.0,0.268
Alejandro Kirk,C,TOR,27,MLB,,238,441,296,,283,255,216,,288.1667,0.274
Alex Bregman,3B,FA,31,MLB,,71,200,83,,77,199,86,,119.3333,0.5012
Alex Freeland,SS,LAD,24,MLB,,269,458,,,,,460,,395.6667,0.2738
Alfredo Duno,C,CIN,19,A,2028,362,205,335,,,262,,,291.0,0.2406
Andres Gimenez,2B,TOR,27.5,MLB,,,488,,,,454,353,,431.6667,0.1608
Andres Munoz,RP,SEA,26,MLB,,63,213,89,,96,119,113,,115.5,0.429
Andrew Abbott,SP,CIN,26,MLB,,235,261,191,,177,260,135,,209.8333,0.2355
Andrew Fischer,3B,MIL,21.8,A+,,,238,251,197,,385,,,267.75,0.2987
Andrew Painter,SP,PHI,22,MLB,,225,152,138,,121,240,,,175.2,0.2981
Andrew Vaughn,1B,MIL,27,MLB,,345,344,333,,,344,251,,323.4,0.1242
Andy Pages,OF,LAD,25,MLB,,102,79,68,56,80,70,160,48,82.875,0.4003
Angel Genao,3B,CLE,21,MLB,,387,399,,,,216,,,334.0,0.302
Anthony Santander,OF,TOR,31,,,353,,339,,,,267,,319.6667,0.1421
Anthony Volpe,SS,NYY,24,MLB,,296,394,263,,213,272,290,,288.0,0.2037
Arjun Nimmala,SS,TOR,20,A+,2028,372,328,372,,278,180,,,306.0,0.2585
Aroldis Chapman,RP,BOS,37,MLB,,277,409,,,,383,180,,312.25,0.3311
Aroon Escobar,2B,PHI,21.2,AA,,,476,,,,,,,476.0,
Austin Riley,3B,ATL,28,MLB,,62,102,51,151,49,131,59,,86.4286,0.4554
Austin Wells,C,NYY,26.6,MLB,,,,391,,300,392,293,,344.0,0.1574
Bailey Ober,SP,MIN,30,MLB,,325,493,352,,289,,230,,337.8,0.286
Ben Hess,SP,NYY,23.5,AA,,,,,,,,,,483.0,
Ben Rice,1B,NYY,26,MLB,,88,19,76,20,87,38,43,29,50.0,0.5316
Billy Carlson,SS,CWS,19,ROK,2029,400,494,,,,,,,447.0,0.1471
Blake Mitchell,C,KC,21,A+,2027,366,,,,,,,,366.0,
Blake Snell,SP,LAD,33,MLB,,80,216,110,148,105,168,141,,138.2857,0.3164
Bo Bichette,SS,FA,27,MLB,,68,116,101,121,91,172,79,,106.8571,0.3075
Bobby Witt Jr.,SS,KC,25,MLB,,2,2,2,1,2,3,2,4,2.25,0.1223
Braden Montgomery,OF,CWS,22,AA,2027,251,110,141,198,155,128,,,163.8333,0.3083
Brady House,3B,WSH,22,MLB,,391,354,268,,,470,344,,365.4,0.1987
Brady Singer,SP,CIN,29.6,MLB,,,,,,,492,273,,382.5,0.3996
Brandon Lowe,2B,TB,31,MLB,,245,212,206,158,268,161,223,,210.4286,0.1884
Brandon Nimmo,OF,TEX,32,MLB,,212,383,188,147,280,200,234,,234.8571,0.3213
Brandon Pfaadt,SP,AZ,27,,,373,,260,,,493,288,,353.5,0.292
Brandon Sproat,SP,MIL,25.5,MLB,,,288,384,,276,355,241,,308.8,0.1878
Brandon Woodruff,SP,MIL,32,MLB,,211,337,276,,237,217,147,,237.5,0.2653
Braxton Ashcraft,SP,PIT,26,MLB,,310,120,,90,,175,205,,180.0,0.4622
Brayan Bello,SP,BOS,26,MLB,,287,465,258,,234,,245,,297.8,0.3155
Braylon Payne,OF,MIL,19.6,A,,,317,,,,296,,,306.5,0.0477
Brendan Donovan,2B,STL,28,MLB,,276,274,244,,272,325,189,,263.3333,0.1671
Brent Rooker,OF,ATH,31,MLB,,50,146,72,91,71,130,54,,87.7143,0.4007
Brenton Doyle,OF,COL,27,,,222,,131,,145,443,307,,249.6,0.5063
Brett Baty,3B,NYM,26,MLB,,262,485,201,,,291,287,,305.2,0.3441
Brice Matthews,2B,HOU,23.9,MLB,,,,,,,438,441,,439.5,0.0048
Brice Turang,2B,MIL,26,MLB,,78,37,88,26,95,65,74,44,63.375,0.3668
Brock Wilken,3B,MIL,23.7,AA,,,,,,,,,,460.0,
Brody Hopkins,SP,TB,23,AA,2026,342,398,,,,254,,,331.3333,0.2158
Brooks Lee,3B,MIN,24,MLB,,395,392,261,,,403,335,,357.2,0.1661
Bryan Abreu,RP,HOU,28,,,392,,,,,,365,,378.5,0.0498
Bryan Reynolds,OF,PIT,30,MLB,,248,295,237,179,292,223,254,,246.8571,0.1595
Bryan Woo,SP,SEA,25,MLB,,56,31,43,40,41,48,29,49,42.125,0.1926
Bryce Eldridge,1B,SF,21,MLB,,105,71,61,54,70,101,87,,78.4286,0.2355
Bryce Harper,1B,PHI,33,MLB,,41,72,45,60,44,32,80,35,51.125,0.3133
Bryce Miller,SP,SEA,27,MLB,,171,129,195,112,161,138,175,,154.4286,0.1829
Bryce Rainer,SS,DET,20,A,2028,174,202,217,,225,279,,,219.4,0.1719
Bryson Stott,2B,PHI,28,MLB,,261,432,285,,273,268,191,,285.0,0.2735
Bubba Chandler,SP,PIT,23,MLB,,123,92,66,129,65,176,62,,101.8571,0.4009
Byron Buxton,OF,MIN,31,MLB,,94,122,109,77,113,95,117,,103.8571,0.1457
C.J. Kayfus,1B,CLE,24.3,MLB,,,,295,,,,354,,324.5,0.1266
CJ Abrams,SS,WSH,25,MLB,,46,36,36,22,33,27,70,24,36.75,0.3712
Cade Cavalli,SP,WSH,27.6,MLB,,,320,,,,339,326,,328.3333,0.0291
Cade Horton,SP,CHC,24,MLB,,199,133,152,185,170,427,115,,197.2857,0.5209
Cade Smith,RP,CLE,26,MLB,,111,178,290,,274,99,84,,172.6667,0.5106
Caden Scarborough,SP,TEX,20.9,A+,,,324,,,,327,,,325.5,0.0064
Cal Raleigh,C,SEA,29,MLB,,21,73,22,110,22,62,22,,47.4286,0.6707
Caleb Bonemer,3B,CWS,20.4,A+,,,170,,168,,178,,,172.0,0.0299
Caleb Durbin,3B,MIL,25,MLB,,319,457,334,,,366,204,,336.0,0.2674
Cam Caminiti,SP,ATL,19.6,A,,,253,,,,426,,,339.5,0.3551
Cam Collier,1B,CIN,21.3,AA,,,451,,,,,,,451.0,
Cam Schlittler,SP,NYY,24,MLB,,161,18,149,25,165,28,98,33,84.625,0.7363
Cam Smith,OF,HOU,22,MLB,,198,159,221,,148,108,179,,168.8333,0.2288
Carlos Correa,SS,HOU,31,MLB,,295,459,271,,,384,279,,337.6,0.2379
Carlos Estevez,RP,KC,32,,,341,,,,,,271,,306.0,0.1592
Carlos Lagrange,SP,NYY,22.8,AA,,,222,310,,,265,,,265.6667,0.1626
Carlos Navarez,C,BOS,27,,,,,288,,,,,,288.0,
Carlos Rodon,SP,NYY,33,MLB,,176,305,190,182,176,154,219,,200.2857,0.2442
Carson Benge,OF,NYM,22,AAA,2026,149,101,120,119,137,79,,,117.5,0.2044
Carson Whisenhunt,SP,SF,25.4,MLB,,,,,,,,,,498.0,
Carson Williams,SS,TB,22,MLB,,326,376,376,,189,402,328,,332.8333,0.2265
Carter Jensen,C,KC,22,MLB,,246,82,338,155,,139,112,,178.6667,0.5213
Casey Mize,SP,DET,28,MLB,,265,251,321,,236,289,260,,270.3333,0.1102
Ceddanne Rafaela,OF,BOS,25,MLB,,130,233,93,114,110,235,151,,152.2857,0.3727
Chandler Simpson,OF,TB,25,MLB,,206,248,116,,131,286,148,,189.1667,0.3535
Charlie Condon,1B,COL,22.9,AA,,,173,229,,229,364,,,248.75,0.3202
Chase Burns,SP,CIN,22,MLB,,86,22,63,23,53,33,52,39,46.375,0.4224
Chase DeLauter,OF,CLE,24,MLB,,370,77,299,89,204,96,,,189.1667,0.6361
Chase Dollander,SP,COL,24,MLB,,344,234,353,,,490,440,,372.2,0.2609
Chase Meidroth,SS,CWS,24,MLB,,384,343,,,,498,305,,382.5,0.2154
Chase Petty,SP,CIN,22.9,MLB,,,490,,,,,,,490.0,
Chris Sale,SP,ATL,36,MLB,,85,128,136,,149,74,95,,111.1667,0.2628
Christian Encarnacion-Strand,1B,CIN,26,,,,,342,,,,,,342.0,
Christian Moore,2B,LAA,23,MLB,,340,345,355,,227,,282,,309.8,0.1727
Christian Scott,SP,NYM,26.7,MLB,,,316,,,,277,429,,340.6667,0.2284
Christian Walker,1B,HOU,34,MLB,,339,428,340,,,348,270,,345.0,0.1603
Christian Yelich,OF,MIL,34,MLB,,116,287,156,149,174,166,194,,177.4286,0.2957
Clarke Schmidt,SP,NYY,29,,,350,,,,,,443,,396.5,0.1638
Clay Holmes,SP,NYM,32.9,MLB,,,433,361,,,468,347,,402.25,0.1419
Coby Mayo,1B,BAL,24,MLB,,239,351,142,,157,290,231,,235.0,0.3294
Cody Bellinger,OF,FA,30,MLB,,70,104,97,72,98,102,73,,88.0,0.1665
Colby Thomas,OF,ATH,25.1,MLB,,,,398,,,,,,398.0,
Cole Ragans,SP,KC,28,MLB,,48,88,57,65,54,226,38,,82.2857,0.7478
Cole Young,2B,SEA,22,MLB,,388,214,332,,291,405,341,,328.5,0.2081
Colson Montgomery,SS,CWS,23,MLB,,194,87,205,111,184,163,94,,148.2857,0.325
Colt Emerson,SS,SEA,20,AAA,2026,91,74,147,124,162,42,,,106.6667,0.4101
Colt Keith,2B,DET,24,MLB,,309,333,245,,243,294,294,,286.3333,0.1228
Colton Cowser,OF,BAL,25,MLB,,234,391,197,,214,281,238,,259.1667,0.2668
Connelly Early,SP,BOS,23,MLB,,255,95,225,134,,214,172,,182.5,0.3215
Connor Norby,3B,MIA,25.7,MLB,,,,312,,,,383,,347.5,0.1424
Cooper Pratt,SS,MIL,21,AA,2027,323,293,274,,,257,,,286.75,0.097
Corbin Burnes,SP,AZ,31,MLB,,192,195,226,,167,252,193,,204.1667,0.1435
Corbin Carroll,OF,AZ,25,MLB,,8,7,4,4,4,5,5,6,5.375,0.1452
Corey Seager,SS,TEX,31,MLB,,64,112,100,103,89,73,77,,88.2857,0.1891
Cristian Javier,SP,HOU,28,,,393,,,,,,378,,385.5,0.0272
Cristopher Sanchez,SP,PHI,29,MLB,,34,26,35,27,38,17,32,25,29.25,0.1985
Dalton Rushing,C,LAD,24,MLB,,308,168,341,,193,232,299,,256.8333,0.2649
Daniel Eagen,SP,AZ,23,,,,,397,,,,,,397.0,
Daniel Palencia,RP,CHC,25,MLB,,303,331,,,,349,247,,307.5,0.1426
Dansby Swanson,SS,CHC,31,MLB,,233,390,183,,264,356,161,,264.5,0.342
Daulton Varsho,OF,TOR,29,MLB,,223,355,,,,275,248,,275.25,0.2043
David Bednar,RP,NYY,31,MLB,,205,405,243,,,311,185,,269.8,0.3259
David Festa,SP,MIN,25,,,329,,,,,,,,329.0,
Dax Kilby,SS,NYY,19.3,A,,,283,350,,,300,,,311.0,0.1102
Daylen Lile,OF,WSH,23,MLB,,196,193,241,183,,218,152,,197.1667,0.1503
Demetrio Crisantes,2B,AZ,21,,,,,383,,,246,,,314.5,0.3032
Dennis Santana,RP,PIT,29,,,280,,,,,,399,,339.5,0.2443
Devin Williams,RP,NYM,31,MLB,,163,366,233,,,304,196,,252.4,0.3199
Deyvison De Los Santos,3B,MIA,22.7,MLB,,,,,,,,,,451.0,
Dillon Dingler,C,DET,27.5,MLB,,,169,370,100,,215,414,,253.6,0.5171
Drake Baldwin,C,ATL,24,MLB,,99,29,135,38,134,60,90,,83.5714,0.4851
Drew Gilbert,OF,SF,25.4,MLB,,,,,,,494,500,,497.0,0.0085
Drew Rasmussen,SP,TB,30,MLB,,159,167,165,138,245,118,149,,163.0,0.2382
Dylan Beavers,OF,BAL,24,MLB,,327,309,211,,262,297,198,,267.3333,0.1956
Dylan Cease,SP,TOR,29,MLB,,87,81,151,61,143,68,69,,94.2857,0.3736
Dylan Crews,OF,WSH,23,MLB,,182,149,150,,123,192,71,,144.5,0.2928
Edgar Quero,C,CWS,22.9,MLB,,,,,,,,394,,394.0,
Eduardo Quintero,OF,LAD,20,A+,2028,166,197,,,277,177,,,204.25,0.2398
Eduardo Tait,C,MIN,19,A+,2028,335,439,,,,391,,,388.3333,0.1323
Edward Cabrera,SP,MIA,27,MLB,,184,188,254,,196,189,120,,188.5,0.22
Edward Florentino,OF,PIT,19,A,2029,282,114,,120,296,140,,,190.4,0.464
Edwin Arroyo,SS,CIN,22.5,MLB,,,275,,,,436,,,355.5,0.3158
Edwin Diaz,RP,LAD,31,MLB,,95,281,176,,212,220,123,,184.5,0.3594
Eli Willits,SS,WSH,18,A,2029,221,91,164,99,247,104,,,154.3333,0.4232
Elian Pena,SS,NYM,18,A,,,421,386,,,,,,403.5,0.0606
Elly De La Cruz,SS,CIN,23,MLB,,10,6,5,5,5,6,9,2,6.0,0.2279
Elmer Rodriguez-Cruz,SP,NYY,22.5,MLB,,,308,354,,,,,,331.0,0.0968
Emil Morales,SS,LAD,19.4,A,,,267,292,,,243,,,267.3333,0.09
Emilio Pagan,RP,CIN,34,,,259,,,,,,255,,257.0,0.0108
Emmanuel Clase,RP,,,,,,,,,267,,,,267.0,
Emmanuel Rodriguez,OF,MIN,22,MLB,,349,229,223,,201,193,,,239.0,0.2593
Emmet Sheehan,SP,LAD,26,MLB,,131,130,104,,118,167,103,,125.5,0.1813
Ernie Clement,3B,TOR,29,MLB,,332,469,,,,,244,,348.3333,0.3209
Esmerlyn Valdez,OF,PIT,22.1,MLB,,,289,313,,,,,,301.0,0.0555
Ethan Conrad,OF,CHC,21.7,ROK,,,298,,,,,,,298.0,
Ethan Holliday,SS,COL,18,A,2029,208,161,161,,235,333,,,219.6,0.3156
Ethan Salas,C,SD,19.8,AA,,,249,,,,270,,,259.5,0.0561
Eugenio Suarez,3B,SEA,34,MLB,,145,442,171,,218,249,168,,232.1667,0.4618
Eury Perez,SP,MIA,22,MLB,,47,68,39,62,40,47,42,,49.2857,0.2083
Evan Carter,OF,TEX,23,MLB,,356,349,328,,226,367,236,,310.3333,0.1993
Ezequiel Tovar,SS,COL,24,MLB,,237,387,253,,223,282,210,,265.3333,0.2391
Felnin Celesten,SS,SEA,20,A+,,377,339,262,,,375,,,338.25,0.1566
Fernando Tatis Jr.,OF,SD,26,MLB,,15,34,10,17,12,23,21,23,19.375,0.3139
Framber Valdez,SP,FA,32,MLB,,106,184,112,109,100,143,92,,120.8571,0.2551
Francisco Alvarez,C,NYM,24,MLB,,281,263,213,,228,145,264,,232.3333,0.2092
Francisco Lindor,SS,NYM,32,MLB,,23,75,27,42,28,49,26,30,37.5,0.4131
Franklin Arias,SS,BOS,20,AA,2027,291,140,380,145,281,72,,,218.1667,0.5236
Freddie Freeman,1B,LAD,36,MLB,,83,181,64,187,72,84,101,,110.2857,0.4481
Freddy Peralta,SP,MIL,29,MLB,,69,85,74,93,67,142,53,,83.2857,0.3275
Gabriel Moreno,C,AZ,25,MLB,,274,348,337,,,234,253,,289.2,0.1727
Gage Jump,SP,ATH,22,AA,2027,355,158,239,196,,148,,,219.2,0.3744
Gage Wood,SP,PHI,22.2,A,,,243,388,,,237,,,289.3333,0.2905
Garrett Crochet,SP,BOS,26,MLB,,11,28,21,30,20,41,19,34,25.5,0.314
Garrett Mitchell,OF,MIL,27.5,MLB,,,412,,,,469,461,,447.3333,0.0682
Gavin Fien,3B,WSH,18.9,A,,,406,304,,,352,,,354.0,0.1421
Gavin Williams,SP,CLE,26,MLB,,150,76,207,96,172,112,124,,133.8571,0.3277
George Kirby,SP,SEA,27,MLB,,58,60,62,80,59,58,72,,64.1429,0.1234
George Klassen,SP,LAA,24.1,AAA,,,,,,,,,,466.0,
George Lombard Jr.,SS,NYY,20,AAA,,155,164,185,,244,174,,,184.4,0.1856
George Springer,OF,TOR,36,MLB,,215,478,202,,,278,227,,280.0,0.4013
Geraldo Perdomo,SS,AZ,26,MLB,,67,97,84,140,84,109,47,,89.7143,0.3155
Gerrit Cole,SP,NYY,35,MLB,,216,244,324,,206,97,199,,214.3333,0.3349
Giancarlo Stanton,DH,NYY,36,,,253,,,,,497,207,,319.0,0.481
Gleyber Torres,2B,DET,29,MLB,,278,407,270,,249,285,166,,275.8333,0.2763
Grant Holmes,SP,ATL,29,,,352,,,,,479,467,,432.6667,0.1602
Grant Taylor,RP,CWS,23,MLB,,351,246,,,,263,327,,296.75,0.1665
Grayson Rodriguez,SP,LAA,26,MLB,,185,396,189,,183,221,213,,231.1667,0.3483
Griffin Jax,SP,TB,31.3,MLB,,,437,,,,332,345,,371.3333,0.1521
Gunnar Henderson,SS,BAL,24,MLB,,20,20,12,35,15,18,15,19,19.25,0.2872
Ha-Seong Kim,SS,ATL,30,,,378,,326,,,,438,,380.6667,0.1453
Hagen Smith,SP,CWS,22.5,AA,,,264,366,,216,,,,282.0,0.2669
Harry Ford,C,WSH,22,MLB,,399,,,,,,306,,352.5,0.1839
Hayden Birdsong,SP,SF,24,,,396,,,,299,,370,,355.0,0.1395
Hector Rodriguez,2B,CIN,22,AAA,,,425,320,,,,,,372.5,0.1967
Heliot Ramos,OF,SF,26,MLB,,146,332,266,,169,264,217,,232.3333,0.2905
Hunter Barco,RP,PIT,25.2,MLB,,,,396,,,,391,,393.5,0.0089
Hunter Brown,SP,HOU,27,MLB,,24,32,31,48,30,43,35,,34.7143,0.2065
Hunter Goodman,C,COL,26,MLB,,110,98,127,92,138,136,125,,118.0,0.1482
Hunter Greene,SP,CIN,26,AAA,,40,47,53,57,46,93,31,,52.4286,0.3447
Hurston Waldrep,SP,ATL,23,MLB,,231,277,374,,269,,144,,259.0,0.315
Ian Happ,OF,CHC,31,MLB,,209,255,216,170,231,198,221,,214.2857,0.1212
Ian Seymour,SP,TB,27.2,MLB,,,,,,,,311,,311.0,
Ike Irish,C,BAL,22.3,A,,,403,390,,,342,,,378.3333,0.0838
Isaac Collins,OF,KC,29,,,,,359,,,500,356,,405.0,0.2007
Isaac Paredes,3B,HOU,26,MLB,,113,296,250,,166,203,165,,198.8333,0.323
Ivan Herrera,C,STL,25,MLB,,153,108,235,116,178,127,153,,152.8571,0.2764
J.R. Ritchie,SP,ATL,22.7,AAA,,,278,309,,,,,,293.5,0.0734
J.T. Realmuto,C,PHI,35,,,,,395,,,481,350,,408.6667,0.1609
JJ Wetherholt,SS,STL,23,AAA,2026,92,25,49,31,58,31,,31,45.2857,0.4721
Jac Caglianone,OF,KC,22,MLB,,136,63,56,87,55,103,61,,80.1429,0.3577
Jace LaViolette,OF,CLE,22.2,ROK,,,489,277,,,,,,383.0,0.3864
Jack Flaherty,SP,DET,30,,,252,,315,,239,247,225,,255.6,0.1333
Jack Leiter,SP,TEX,25,MLB,,268,276,303,,263,245,202,,259.5,0.1284
Jack Perkins,SP,ATH,26.2,MLB,,,,,,,,389,,389.0,
Jackson Chourio,OF,MIL,21,MLB,,12,12,7,10,10,11,16,21,12.375,0.2479
Jackson Ferris,SP,LAD,22.1,AA,,,,,,,,,,390.0,
Jackson Holliday,2B,BAL,22,MLB,,75,100,38,115,39,82,51,,71.4286,0.3935
Jackson Jobe,SP,DET,23,MLB,,154,194,348,,144,269,159,,211.3333,0.3748
Jackson Merrill,OF,SD,22,MLB,,43,53,41,94,35,45,37,,49.7143,0.3726
Jacob Lopez,SP,ATH,27,,,397,,,,,,348,,372.5,0.0918
Jacob Melton,OF,TB,25.5,MLB,,,470,,,,,369,,419.5,0.1682
Jacob Misiorowski,SP,MIL,23,MLB,,103,10,69,14,56,15,41,17,40.625,0.7313
Jacob Reimer,3B,NYM,22,AA,,,444,,,,,,,444.0,
Jacob Wilson,SS,ATH,23,MLB,,133,126,86,178,76,150,85,,119.1429,0.3082
Jacob deGrom,SP,TEX,37,MLB,,82,209,137,,133,81,106,50,114.0,0.4365
Jaison Chourio,OF,CLE,20.8,A+,,,352,,,,447,,,399.5,0.1661
Jake Burger,3B,TEX,30,,,,,362,,,441,334,,379.0,0.1445
Jakob Marsee,OF,MIA,24,MLB,,195,319,140,,153,341,163,,218.5,0.3961
James Tibbs III,OF,LAD,23.4,AA,,,226,,,,471,,,348.5,0.4901
James Wood,OF,WSH,23,MLB,,19,9,26,6,21,12,17,13,15.375,0.3244
Jamie Arnold,SP,MIA,21,ROK,2027,300,236,224,,,445,,,301.25,0.3313
Jared Jones,SP,PIT,24,MLB,,156,106,203,154,154,207,129,,158.4286,0.2235
Jarlin Susana,SP,WSH,21.9,AA,,,299,344,,,381,,,341.3333,0.1186
Jarren Duran,OF,BOS,29,MLB,,77,125,50,,50,171,82,,92.5,0.485
Jasson Dominguez,OF,NYY,22,MLB,,169,187,177,,130,382,164,,201.5,0.4383
Jaxon Wiggins,SP,CHC,24.4,AAA,,,374,279,,,442,,,365.0,0.2213
Jazz Chisholm Jr.,2B,NYY,27,MLB,,26,61,30,39,36,44,40,36,39.0,0.2396
Jeferson Quero,C,MIL,23.4,MLB,,,460,,,,,,,460.0,
Jeff Hoffman,RP,TOR,32,,,330,,,,,351,280,,320.3333,0.1121
Jeffrey Springs,SP,ATH,33,,,,,343,,,,424,,383.5,0.1474
Jeremiah Estrada,RP,SD,27.3,MLB,,,,,,,,337,,337.0,
Jeremy Pena,SS,HOU,28,MLB,,61,139,55,81,66,87,88,,82.4286,0.3213
Jesus Luzardo,SP,PHI,28,MLB,,97,96,123,79,116,88,76,,96.4286,0.1746
Jesus Made,SS,MIL,18,AA,2027,52,30,42,44,48,25,,40,40.1429,0.2126
Jesus Sanchez,OF,HOU,28,,,,,311,,,386,422,,373.0,0.1498
Jett Williams,SS,NYM,22,AAA,2025,236,272,214,,284,,,,251.5,0.1258
Jhoan Duran,RP,PHI,27,MLB,,89,131,90,139,106,114,118,,112.4286,0.1622
Jhostynxon Garcia,OF,PIT,23.2,MLB,,,455,360,,297,,411,,380.75,0.1763
Jo Adell,OF,LAA,26,MLB,,139,204,85,157,97,147,170,,142.7143,0.2785
JoJo Parker,SS,TOR,19,ROK,2029,293,206,236,,,238,,,243.25,0.146
Joe Boyle,SP,TB,26,MLB,,394,484,,,282,425,295,,376.0,0.2265
Joe Mack,C,MIA,23.2,MLB,,,372,,,,,,,372.0,
Joe Musgrove,SP,SD,33,,,334,,,,,380,220,,311.3333,0.2604
Joe Ryan,SP,MIN,29,MLB,,57,69,79,51,68,53,67,,63.4286,0.1476
Joey Cantillo,SP,CLE,25,MLB,,381,321,,,,495,292,,372.25,0.2381
Johnny King,SP,TOR,19.6,A,,,384,,,,284,,,334.0,0.2086
Jonah Tong,SP,NYM,22,MLB,,227,176,196,,180,396,158,,222.1667,0.3885
Jonathan Aranda,1B,TB,27,MLB,,140,137,186,102,185,173,107,,147.1429,0.2311
Jonathan India,2B,KC,29,,,,,389,,,,374,,381.5,0.0274
Jonny Farmelo,OF,SEA,21.5,A+,,,334,173,,,354,,,287.0,0.3398
Jordan Beck,OF,COL,24,MLB,,263,499,294,,271,,318,,329.0,0.2917
Jordan Lawlar,SS,AZ,23,MLB,,304,182,220,,147,183,169,,200.8333,0.2713
Jordan Walker,OF,STL,23.8,MLB,,,48,382,24,,120,266,,168.0,0.8806
Jordan Westburg,3B,BAL,26,AAA,,98,219,114,,102,239,83,,142.5,0.4612
Jorge Polanco,2B,SEA,32,,,306,,284,,,,256,,282.0,0.0873
Jose Altuve,OF,HOU,35,MLB,,138,450,157,,171,184,228,,221.3333,0.5128
Jose Berrios,SP,TOR,32,,,,,377,,,,322,,349.5,0.1097
Jose Caballero,SS,NYY,29,,,279,,,,,413,268,,320.0,0.2484
Jose Ramirez,3B,CLE,33,MLB,,13,35,17,36,18,20,7,22,21.0,0.3868
Jose Soriano,SP,LAA,27,MLB,,367,118,325,,,210,269,,257.8,0.3728
Josh Hader,RP,HOU,31,MLB,,128,290,192,150,198,248,140,,192.2857,0.3023
Josh Jung,3B,TEX,27,MLB,,361,291,247,,,293,355,,309.4,0.1529
Josh Lowe,OF,TB,27,,,305,,182,,,,289,,258.6667,0.2536
Josh Naylor,1B,SEA,28,MLB,,55,124,70,85,74,92,33,,76.1429,0.3547
Joshua Baez,OF,STL,22,AAA,,318,155,336,144,,170,,,224.6,0.4101
Josuar Gonzalez,SS,SF,18,ROK,2030,375,223,,,,90,,,229.3333,0.6086
Josue Briceno,C,DET,21,AA,2027,230,307,252,,253,499,,,308.2,0.3524
Josue De Paula,OF,LAD,20,AA,2026,190,93,130,64,122,51,,,108.3333,0.4467
Juan Sanchez,3B,TOR,18.4,ROK,,,440,,,,474,,,457.0,0.052
Juan Soto,OF,NYM,27,MLB,,7,5,3,3,3,2,3,3,3.625,0.1853
Julio Rodriguez,OF,SEA,24,MLB,,9,17,6,13,6,9,8,7,9.375,0.2654
Jung Hoo Lee,OF,SF,27,MLB,,328,330,331,,205,345,156,,282.5,0.2808
Junior Caminero,3B,TB,22,MLB,,14,8,8,8,8,7,6,12,8.875,0.1943
Jurickson Profar,OF,ATL,32,,,302,,291,,,,212,,268.3333,0.1796
Jurrangelo Cijntje,SP,STL,22.8,AA,,,416,394,,,,,,405.0,0.0379
Justin Crawford,OF,PHI,21,AAA,2026,347,241,154,,250,331,,,264.6,0.2885
Justin Martinez,RP,AZ,24.6,AAA,,,,,,,,472,,472.0,
Justin Steele,SP,CHC,30,MLB,,201,360,255,,246,404,242,,284.6667,0.2723
Kade Anderson,SP,SEA,21,ROK,2027,202,41,148,67,164,91,,,118.8333,0.5021
Kaelen Culpepper,SS,MIN,22,AA,2027,271,211,199,171,,225,,,215.4,0.1674
Kash Mayfield,SP,SD,21.1,A,,,388,,,,,,,388.0,
Kayson Cunningham,SS,AZ,19.7,A,,,370,367,,,,,,368.5,0.0057
Kazuma Okamoto,1B,TOR,29.7,MLB,,,177,184,135,,125,,,155.25,0.1846
Kendry Chourio,SP,KC,18.4,A,,,260,385,,,377,,,340.6667,0.2024
Kenley Jansen,RP,LAA,38,,,294,,,,,,366,,330.0,0.152
Kerry Carpenter,OF,DET,28,MLB,,179,318,187,,190,321,263,,243.0,0.2684
Ketel Marte,2B,AZ,32,MLB,,30,66,23,47,26,40,28,38,37.25,0.3344
Kevin Alcantara,OF,CHC,23.6,MLB,,,358,,,,,423,,390.5,0.1162
Kevin Gausman,SP,TOR,34,MLB,,187,250,305,,270,111,173,,216.0,0.3245
Kevin McGonigle,SS,DET,21,AA,2026,51,21,40,18,45,19,,15,29.8571,0.4282
Khal Stephen,SP,CLE,23.2,AA,,,,,,,,,,471.0,
Kodai Senga,SP,NYM,32,,,273,,358,,200,475,214,,304.0,0.3691
Konnor Griffin,SS,PIT,19,AA,2026,42,11,18,9,25,8,,14,18.1429,0.5206
Kris Bubic,SP,KC,28,MLB,,173,185,381,,163,323,167,,232.0,0.401
Kristian Campbell,2B,BOS,23,AAA,,189,393,159,,132,421,235,,254.8333,0.4736
Kruz Schoolcraft,SP,SD,18.9,A,,,364,,,,,,,364.0,
Kumar Rocker,SP,TEX,26.3,MLB,,,395,,,,432,409,,412.0,0.0448
Kyle Bradish,SP,BAL,29,MLB,,122,199,132,84,146,106,91,,125.7143,0.2991
Kyle Finnegan,RP,DET,34,,,364,,,,,,488,,426.0,0.2034
Kyle Harrison,SP,MIL,24.6,MLB,,,86,399,125,,146,,,189.0,0.7329
Kyle Manzardo,1B,CLE,25,MLB,,183,306,231,,211,195,182,,218.0,0.2104
Kyle Schwarber,OF,PHI,32,MLB,,29,55,44,41,43,37,34,32,39.375,0.1862
Kyle Stowers,OF,MIA,27,MLB,,107,191,81,122,90,259,102,,136.0,0.4622
Kyle Teel,C,CWS,23,MLB,,217,208,204,,217,224,171,,206.8333,0.0894
Kyle Tucker,OF,FA,28,MLB,,18,43,16,34,16,55,20,20,27.75,0.4478
Kyson Witherspoon,SP,BOS,21.6,ROK,,,294,349,,,467,,,370.0,0.2357
Landen Roupp,SP,SF,27,MLB,,380,300,,,,330,412,,355.5,0.1389
Lars Nootbaar,OF,STL,28.5,MLB,,,,319,,,395,314,,342.6667,0.1306
Lawrence Butler,OF,ATH,25,MLB,,101,201,91,,88,318,119,,153.0,0.5763
Lazaro Montes,OF,SEA,21,AA,2026,229,221,129,,142,197,,,183.6,0.2423
Lenyn Sosa,2B,CWS,25,,,257,,371,,,,323,,317.0,0.1778
Leo De Vries,SS,OAK,19,AA,2026,53,42,67,68,64,75,,,61.5,0.1796
Liam Doyle,SP,STL,21,AA,2027,338,231,257,,251,420,,,299.4,0.259
Logan Gilbert,SP,SEA,28,MLB,,27,50,37,45,37,30,36,45,38.375,0.1811
Logan Henderson,SP,MIL,23,MLB,,336,138,318,,232,328,215,,261.1667,0.298
Logan O'Hoppe,C,LAA,25,MLB,,369,483,249,,233,451,200,,330.8333,0.3584
Logan Webb,SP,SF,29,MLB,,73,70,60,75,57,77,50,,66.0,0.1455
Luis Arraez,1B,FA,28,MLB,,365,362,286,,275,372,209,,311.5,0.2075
Luis Castillo,SP,SEA,33,MLB,,188,486,163,,207,299,177,,253.3333,0.4792
Luis Garcia Jr.,2B,WSH,25,MLB,,260,340,209,189,,306,203,,251.1667,0.2403
Luis Gil,SP,NYY,27,,,333,,240,,222,,278,,268.25,0.1796
Luis Hernandez,SS,SF,17.2,ROK,,,245,283,,,159,,,229.0,0.2715
Luis Morales,SP,ATH,23,MLB,,363,473,,,,,312,,382.6667,0.2122
Luis Pena,SS,MIL,19,A+,2028,152,113,94,181,103,186,,,138.1667,0.2817
Luis Robert Jr.,OF,CWS,28,MLB,,157,302,143,192,158,287,104,,191.8571,0.3804
Luisangel Acuna,2B,CWS,23.9,MLB,,,,400,,,,301,,350.5,0.1969
Luke Keaschall,2B,MIN,23,MLB,,117,150,145,,160,116,93,,130.1667,0.1889
MacKenzie Gore,SP,WSH,26,MLB,,126,132,105,175,93,156,99,,126.5714,0.2321
Maikel Garcia,3B,KC,25,MLB,,79,67,73,71,78,149,65,,83.1429,0.3347
Manny Machado,3B,SD,33,MLB,,44,189,47,118,51,135,46,46,84.5,0.6225
Marcell Ozuna,DH,FA,35,,,389,,,,,,400,,394.5,0.0195
Marcelo Mayer,3B,BOS,23,MLB,,207,215,121,,119,298,130,,181.6667,0.3831
Marcus Semien,2B,NYM,35.5,MLB,,,,272,,,439,338,,349.6667,0.2371
Mark Vientos,3B,NYM,26,MLB,,249,468,230,,238,202,324,,285.1667,0.3392
Mason Miller,RP,SD,27,MLB,,49,44,75,63,75,59,96,,65.8571,0.2507
Masyn Winn,SS,STL,23,MLB,,240,342,265,,202,253,162,,244.0,0.2451
Matt Chapman,3B,SF,32,MLB,,147,401,170,,265,213,188,,230.6667,0.3935
Matt McLain,2B,CIN,26,MLB,,241,258,208,,173,280,229,,231.5,0.1596
Matt Olson,1B,ATL,31,MLB,,39,51,58,46,63,50,45,28,47.5,0.2074
Matt Shaw,3B,CHC,24,MLB,,119,230,125,,111,211,122,,153.0,0.3344
Matt Wallner,OF,MIN,28,,,360,,,,,,364,,362.0,0.0077
Matthew Boyd,SP,CHC,34,,,359,,351,,,273,297,,320.0,0.1283
Matthew Liberatore,SP,STL,26.3,MLB,,,418,,,,,376,,397.0,0.0739
Max Anderson,2B,DET,24,,,,,314,,,,,,314.0,
Max Clark,OF,DET,20,AA,2027,108,83,54,74,61,144,,,87.3333,0.3637
Max Fried,SP,NYY,31,MLB,,59,65,78,70,73,100,56,,71.5714,0.1921
Max Meyer,SP,MIA,26,MLB,,243,175,259,194,255,292,321,,248.4286,0.2019
Max Muncy,3B,LAD,35,MLB,,298,415,,,,271,308,,323.0,0.193
Merrill Kelly,SP,TEX,37,,,374,,,,,,332,,353.0,0.083
Michael Arroyo,SS,SEA,21,AA,2026,398,357,,,286,444,,,371.25,0.1782
Michael Busch,1B,CHC,28,MLB,,81,143,96,107,99,110,116,,107.4286,0.1721
Michael Forret,SP,TB,21.9,AA,,,453,,,,,,,453.0,
Michael Harris II,OF,ATL,24,MLB,,114,78,95,66,101,69,97,,88.5714,0.1911
Michael King,SP,SD,30,MLB,,120,156,111,141,104,219,134,,140.7143,0.2668
Mick Abel,SP,MIN,24,MLB,,390,268,,,261,,351,,317.5,0.1963
Mickey Moniak,OF,COL,27,MLB,,220,270,365,,,317,330,,300.4,0.1846
Miguel Vargas,3B,CWS,26,MLB,,321,119,,33,,124,272,,173.8,0.6654
Mike Burrows,SP,HOU,26.3,MLB,,,,,,,489,277,,383.0,0.3864
Mike Sirota,OF,LAD,22,A+,2027,299,198,273,101,,105,,,195.2,0.4595
Mike Trout,OF,LAA,34,MLB,,129,171,169,,187,107,201,,160.6667,0.2156
Mitch Keller,SP,PIT,29,MLB,,324,436,317,,294,429,303,,350.5,0.1812
Moises Ballesteros,C,CHC,22,MLB,,301,179,307,,230,319,291,,271.1667,0.1986
Mookie Betts,SS,LAD,33,MLB,,45,111,52,128,52,71,66,,75.0,0.4005
Munetaka Murakami,1B,CWS,25,MLB,,264,58,118,76,117,85,,,119.6667,0.5976
Nate George,OF,BAL,19.7,A+,,,410,330,,,,,,370.0,0.1508
Nathan Eovaldi,SP,TEX,35,MLB,,197,369,281,,248,187,258,,256.6667,0.2518
Nick Kurtz,1B,ATH,22,MLB,,16,4,13,7,11,10,12,16,11.125,0.2577
Nick Lodolo,SP,CIN,27,MLB,,132,153,180,,168,169,132,,155.6667,0.126
Nick Pivetta,SP,SD,32,MLB,,124,379,228,193,221,463,145,,250.4286,0.4887
Nico Hoerner,2B,CHC,28,MLB,,143,107,119,163,135,133,89,,127.0,0.1845
Noah Cameron,SP,KC,26,MLB,,289,313,,,256,389,224,,294.2,0.2098
Noah Schultz,SP,CWS,22,AAA,2025,382,109,278,,195,165,,,225.8,0.4617
Noble Meyer,SP,MIA,21.1,A+,,,492,,,,,,,492.0,
Noelvi Marte,3B,CIN,24,MLB,,175,303,139,,151,416,137,,220.1667,0.5085
Nolan McLean,SP,NYM,24,MLB,,104,33,65,43,85,39,64,,61.8571,0.388
Nolan Schanuel,1B,LAA,23,MLB,,284,417,298,,290,343,265,,316.1667,0.1737
Oneil Cruz,OF,PIT,27,MLB,,96,56,108,52,86,36,105,37,72.0,0.3907
Orion Kerkering,RP,PHI,24.9,MLB,,,,,,,,,,474.0,
Otto Lopez,2B,MIA,27,MLB,,270,174,,88,,137,252,,184.2,0.4055
Owen Caissie,OF,CHC,23,MLB,,371,225,316,,242,228,222,,267.3333,0.2273
Owen Murphy,SP,ATL,22.4,A+,,,487,,,,455,,,471.0,0.0475
Ozzie Albies,2B,ATL,28,MLB,,167,165,172,105,192,155,155,,158.7143,0.1636
Pablo Lopez,SP,MIN,29,AAA,,127,329,212,146,120,360,110,,200.5714,0.5068
Parker Meadows,OF,DET,26.3,MLB,,,,,,,,452,,452.0,
Parker Messick,SP,CLE,25.4,MLB,,,103,,123,,162,243,,157.75,0.3803
Paul Skenes,SP,PIT,23,MLB,,6,3,11,11,9,4,13,10,8.375,0.2709
Payton Tolle,SP,BOS,23,MLB,,180,62,256,86,,94,146,,137.3333,0.5082
Pete Alonso,1B,BAL,31,MLB,,32,84,32,49,32,46,44,43,45.25,0.3405
Pete Crow-Armstrong,OF,CHC,23,MLB,,35,39,25,21,23,29,30,,28.8571,0.1917
Pete Fairbanks,RP,MIA,31,,,368,,327,,,368,283,,336.5,0.1188
Quinn Mathews,SP,STL,25,AAA,,337,474,,,288,,,,366.3333,0.2596
Quinn Priester,SP,MIL,25,AAA,,272,347,,,285,414,246,,312.8,0.2129
Rafael Devers,DH,SF,29,MLB,,36,99,28,83,31,86,39,,57.4286,0.4877
Rainiel Rodriguez,C,STL,18,A+,2028,228,148,219,130,,83,,,161.6,0.3684
Raisel Iglesias,RP,ATL,35,,,172,,,,,394,302,,289.3333,0.379
Ralphy Velazquez,1B,CLE,20,AAA,,358,239,,,,80,,,225.6667,0.6047
Ramon Laureano,OF,SD,31,,,258,,,,,,285,,271.5,0.069
Randy Arozarena,OF,SEA,30,MLB,,109,186,98,69,109,76,150,,113.8571,0.3478
Randy Rodriguez,RP,SF,26.5,MLB,,,,,,,,496,,496.0,
Ranger Suarez,SP,PHI,30,MLB,,186,203,289,136,186,122,178,,185.7143,0.2836
Reese Olson,SP,DET,26,AAA,,286,413,,,209,,239,,286.75,0.3083
Reid Detmers,RP,LAA,26.7,MLB,,,282,,,,231,329,,280.6667,0.1716
Rhett Lowder,SP,CIN,23.9,MLB,,,292,393,,298,446,298,,345.4,0.2004
Ricky Tiedemann,SP,TOR,23.5,MLB,,,,345,,,,,,345.0,
Riley Greene,OF,DET,25,MLB,,38,54,46,59,42,54,49,47,48.625,0.1284
Riley O'Brien,RP,STL,30,,,311,,,,,,372,,341.5,0.1245
Robbie Ray,SP,SF,34,MLB,,168,397,308,,220,314,259,,277.6667,0.2838
Robby Snelling,SP,MIA,21,AAA,2025,232,121,166,,295,449,,,252.6,0.4972
Robert Suarez,RP,ATL,34,,,354,,300,,,,262,,305.3333,0.149
Roki Sasaki,SP,LAD,24,MLB,,137,172,126,161,108,283,111,,156.8571,0.3741
Roman Anthony,OF,BOS,21,MLB,,22,27,19,32,17,34,10,42,25.375,0.3421
Ronald Acuna Jr.,OF,ATL,27,MLB,,3,15,9,16,7,16,11,8,10.625,0.3039
Ronny Henriquez,RP,MIA,25,,,283,,,,,,,,283.0,
Ronny Mauricio,3B,NYM,24.9,MLB,,,,,,,,,,490.0,
Royce Lewis,3B,MIN,26,MLB,,164,336,178,,199,295,190,,227.0,0.305
Ryan Clifford,1B,NYM,22,AAA,,383,419,,,,473,,,425.0,0.1053
Ryan Helsley,RP,BAL,31,MLB,,218,420,387,,,411,233,,333.8,0.2944
Ryan O'Hearn,1B,PIT,32.6,MLB,,,435,,,,,313,,374.0,0.2276
Ryan Pepiot,SP,TB,28,MLB,,144,326,222,156,181,361,133,,217.5714,0.4103
Ryan Sloan,SP,SEA,19,A+,2028,288,142,,177,,121,,,182.0,0.3976
Ryan Waldschmidt,OF,AZ,23,AA,2027,267,136,107,127,128,185,,,158.3333,0.3628
Ryan Weathers,SP,MIA,25,MLB,,290,180,,,260,242,195,,233.4,0.1912
Ryne Nelson,SP,AZ,27,MLB,,313,385,248,,,388,211,,309.0,0.2536
Sal Frelick,OF,MIL,25,MLB,,200,408,238,,252,353,186,,272.8333,0.3186
Sal Stewart,3B,CIN,22,MLB,,151,38,106,29,127,52,127,,90.0,0.519
Salvador Perez,C,KC,35,,,312,,,,,397,261,,323.3333,0.2093
Samuel Basallo,C,BAL,21,MLB,,72,49,92,55,79,63,63,,67.5714,0.2022
Sandy Alcantara,SP,MIA,30,MLB,,141,141,155,142,179,194,136,,155.4286,0.1398
Seaver King,SS,WSH,23,AAA,,,359,364,,,209,,,310.6667,0.279
Sebastian Walcott,SS,TEX,19,AA,2026,66,90,59,173,60,115,,,93.8333,0.4494
Seiya Suzuki,OF,CHC,31,MLB,,65,166,99,108,92,129,109,,109.7143,0.275
Seth Hernandez,SP,PIT,19,ROK,2029,256,59,174,113,,132,,,146.8,0.4856
Shane Baz,SP,TB,26,MLB,,165,240,194,,175,201,187,,193.6667,0.1316
Shane Bieber,SP,TOR,30,MLB,,181,346,227,,224,250,183,,235.1667,0.2522
Shane McClanahan,SP,TB,28,MLB,,254,117,103,165,112,151,142,,149.1429,0.3334
Shane Smith,SP,CWS,25,MLB,,297,479,,,,,274,,350.0,0.3164
Shea Langeliers,C,ATH,28,MLB,,93,52,144,50,159,61,78,,91.0,0.4601
Shohei Ohtani,TWP,LAD,31,MLB,,1,1,1,2,1,1,1,1,1.125,0.0577
Shota Imanaga,SP,CHC,32,MLB,,178,224,158,162,150,188,192,,178.8571,0.1377
Slade Caldwell,OF,AZ,19.7,A+,,,,287,,,,,,287.0,
Slade Cecconi,SP,CLE,26.7,MLB,,,,,,,,340,,340.0,
Sonny Gray,SP,BOS,36,MLB,,203,356,323,,,206,174,,252.4,0.316
Spencer Arrighetti,SP,HOU,25,MLB,,357,232,,,266,,361,,304.0,0.2104
Spencer Jones,OF,NYY,24.8,MLB,,,266,269,,240,483,,,314.5,0.3539
Spencer Schwellenbach,SP,ATL,25,MLB,,54,89,77,78,69,190,55,,87.4286,0.508
Spencer Steer,1B,CIN,28,MLB,,314,335,275,,254,412,316,,317.6667,0.1703
Spencer Strider,SP,ATL,27,MLB,,76,105,80,169,62,160,81,,104.7143,0.3905
Spencer Torkelson,1B,DET,26,MLB,,125,269,215,,156,305,75,,190.8333,0.4492
Steele Hall,SS,CIN,18,ROK,2029,379,312,368,,,256,,,328.75,0.1698
Steven Kwan,OF,CLE,28,MLB,,170,284,133,,129,379,108,,200.5,0.5241
TJ Friedl,OF,CIN,30,,,385,,,,,,237,,311.0,0.3312
Taj Bradley,SP,MIN,24,MLB,,315,183,357,,241,267,250,,268.8333,0.2216
Tanner Bibee,SP,CLE,26,MLB,,204,247,193,190,182,164,121,,185.8571,0.2011
Tarik Skubal,SP,DET,29,MLB,,5,16,15,15,13,22,14,11,13.875,0.254
Tatsuya Imai,SP,FA,27,MLB,,160,265,175,188,,378,,,233.2,0.38
Taylor Ward,OF,BAL,32,MLB,,213,378,,191,,251,232,,253.0,0.2843
Teoscar Hernandez,OF,LAD,33,MLB,,142,380,167,,194,152,275,,218.3333,0.4143
Termarr Johnson,2B,PIT,21.7,AA,,,,,,,,,,449.0,
Theo Gillen,OF,TB,20,A,2028,386,190,,199,,56,,,207.75,0.6375
Thomas White,SP,MIA,21,AAA,2026,162,115,153,152,188,276,,,174.3333,0.3069
Tink Hence,SP,STL,23.6,MLB,,,,,,,,,,499.0,
Tommy Edman,2B,LAD,30,,,348,,373,,,457,377,,388.75,0.1201
Tommy Troy,2B,AZ,24.1,AAA,,,431,302,,,482,,,405.0,0.2263
Tommy White,3B,ATH,23,AA,,,402,,,,,,,402.0,
Travis Bazzana,2B,CLE,23,AAA,2026,158,57,82,53,82,64,,,82.6667,0.4436
Travis Sykora,SP,WSH,21,AA,2027,331,256,346,,197,324,,,290.8,0.2123
Trea Turner,SS,PHI,32,MLB,,37,123,48,132,47,57,57,41,67.75,0.5168
Trent Grisham,OF,NYY,29,MLB,,322,430,246,,,465,281,,348.8,0.2681
Trevor Megill,RP,MIL,32,,,285,,,,,,218,,251.5,0.1847
Trevor Rogers,SP,BAL,28,MLB,,247,280,210,,,387,176,,260.0,0.3057
Trevor Story,SS,BOS,33,,,242,,198,,,390,128,,239.5,0.4531
Trey Yesavage,SP,TOR,22,MLB,,134,46,122,98,124,158,60,,106.0,0.365
Triston Casas,1B,BOS,25,,,307,,282,,257,,319,,291.25,0.093
Troy Melton,RP,DET,25,MLB,,346,252,,,,346,309,,313.25,0.1395
Tyler Bremner,SP,LAA,21.9,ROK,,,273,280,,279,393,,,306.25,0.1861
Tyler Glasnow,SP,LAD,32,MLB,,100,163,162,106,152,123,138,,134.8571,0.1851
Tyler Soderstrom,OF,ATH,24,MLB,,74,64,134,82,114,67,68,,86.1429,0.2977
Tyler Stephenson,C,CIN,30,,,,,392,,,,407,,399.5,0.0262
Tyson Lewis,SS,CIN,20,,,,,218,,,,,,218.0,
Victor Robles,OF,SEA,29,,,,,293,,,,493,,393.0,0.3553
Victor Scott II,OF,STL,25,,,,,306,,,,430,,368.0,0.2351
Vinnie Pasquantino,1B,KC,28,MLB,,84,145,71,131,83,113,48,,96.4286,0.3405
Vladimir Guerrero Jr.,1B,TOR,26,MLB,,17,23,20,37,19,24,18,18,22.0,0.2425
Walker Jenkins,OF,MIN,20,AAA,2026,112,94,102,117,94,78,,,99.5,0.1348
Will Smith,C,LAD,30,MLB,,118,207,168,166,140,153,139,,155.8571,0.1766
Will Warren,SP,NYY,26,MLB,,320,196,264,,259,266,320,,270.8333,0.1673
William Contreras,C,MIL,27,MLB,,60,80,87,104,81,66,58,,76.5714,0.2017
Willson Contreras,1B,STL,33,MLB,,219,271,301,,,134,226,,230.2,0.2695
Willy Adames,SS,SF,30,MLB,,115,304,128,137,139,141,114,,154.0,0.4217
Wilyer Abreu,OF,BOS,26,MLB,,193,147,117,143,126,179,126,,147.2857,0.1884
Wyatt Langford,OF,TEX,24,MLB,,28,40,24,58,24,35,24,,33.2857,0.3279
Xander Bogaerts,SS,SD,33,,,343,,378,,,307,296,,331.0,0.1107
Xavier Edwards,SS,MIA,26,MLB,,226,135,267,186,258,205,157,,204.8571,0.2355
Xavier Isaac,UT,TB,22.2,AA,,,400,,,,,,,400.0,
Xavier Neyens,3B,HOU,19.3,ROK,,,361,347,,,241,,,316.3333,0.2042
Yainer Diaz,C,HOU,27,MLB,,214,424,200,,203,258,197,,249.3333,0.3479
Yandy Diaz,1B,TB,34,MLB,,191,254,297,133,287,157,184,,214.7143,0.2941
Yordan Alvarez,OF,HOU,28,MLB,,31,14,29,12,27,13,25,9,20.0,0.3533
Yoshinobu Yamamoto,SP,LAD,27,MLB,,25,24,33,28,29,21,27,26,26.625,0.1133
Zac Gallen,SP,FA,30,MLB,,266,466,181,,215,406,208,,290.3333,0.3984
Zac Veen,OF,COL,24.2,MLB,,,448,,,,,469,,458.5,0.032
Zach Eflin,SP,BAL,32,,,,,329,,,,425,,377.0,0.1777
Zach McKinstry,2B,DET,31,,,,,369,,,,349,,359.0,0.0389
Zach Neto,SS,LAA,24,MLB,,33,45,34,73,34,26,23,27,36.875,0.3841
Zack Gelof,2B,ATH,26.4,MLB,,,350,,,,450,,,400.0,0.1746
Zack Littell,RP,,30,,,,,375,,,,367,,371.0,0.015
Zack Wheeler,SP,PHI,35,MLB,,121,157,160,,136,117,154,,140.8333,0.1296
Zebby Matthews,SP,MIN,25,MLB,,292,325,356,,208,320,257,,293.0,0.1791
Zyhir Hope,OF,LAD,20,AA,2027,224,151,146,126,141,196,,,164.0,0.2228
Trey Gibson,SP,BAL,23.8,MLB,,,461,,,,,,,461.0,
Justin Gonzales,OF,BOS,19.2,A+,,,377,,,,274,,,325.5,0.2204
Luis Perales,SP,WAS,22.9,,,,,,,,415,,,415.0,
Tanner McDougal,SP,CWS,22.9,AAA,,,389,,,,,,,389.0,
Tyler O'Neill,OF,BAL,30.8,,,,,,,,,379,,379.0,
Tanner Scott,RP,LAD,31.7,,,,,,,,480,,,480.0,
Jhonny Level,SS,,18.9,A+,,,286,,,,191,,,238.5,0.2759
Devin Fitz-Gerald,2B,WAS,20.6,AA,,,279,,,,182,,,230.5,0.2912
Johenssy Colome,SS,ATH,,,,,,,,,,,,378.0,
Trevor Larnach,OF,MIN,29.1,,,,,,,,456,416,,436.0,0.0641
Spencer Horwitz,1B,PIT,28.3,MLB,,,472,,,,461,240,,391.0,0.3305
Joey Ortiz,SS,MIL,27.7,,,,,,,,,418,,418.0,
Brandon Marsh,OF,PHI,28.3,MLB,,,427,,,,409,482,,439.3333,0.0856
Bo Naylor,C,CLE,26.1,,,,,,,,,405,,405.0,
Braxton Garrett,SP,MIA,28.6,MLB,,,438,,,,476,386,,433.3333,0.1031
Chad Patrick,SP,MIL,27.6,MLB,,,467,,,,477,317,,420.3333,0.2107
Angel Genoa,SS,CLE,,,,,,,,,,,,415.0,
Justin Wrobleski,SP,LAD,25.7,MLB,,,227,,,,334,456,,339.0,0.3331
Alejandro Osuna,OF,TEX,23.4,,,,,,,,407,,,407.0,
Bo Davidson,OF,SFG,23.7,,,,,,,,399,,,399.0,
David Hagaman,SP,ARI,22.9,,,,,,,,,,,423.0,
Reynaldo Lopez,SP,ATL,32.2,,,,,,,,,433,,433.0,
Josh Smith,3B,TEX,28.6,,,,,,,,,339,,339.0,
Juneiker Caceres,OF,CLE,18.6,A,,,463,,,,288,,,375.5,0.3252
Ben Brown,SP,CHC,26.5,MLB,,,262,,180,,373,471,,321.5,0.3897
JR Ritchie,SP,ATL,22.8,,,,,,,,419,,,419.0,
Braylon Doughty,SP,CLE,20.3,,,,,,,,347,,,347.0,
Cedric Mullins,OF,TBR,31.4,,,,,,,,,375,,375.0,
Josh Hammond,SS,KCR,19.5,A,,,446,,,,233,,,339.5,0.4372
Dominic Canzone,OF,SEA,28.6,MLB,,,381,,,,431,325,,379.0,0.1381
Harrison Bader,OF,SFG,31.8,,,,,,,,,402,,402.0,
Austin Hays,OF,CWS,30.7,,,,,,,,,381,,381.0,
Tyler Freeman,OF,COL,26.8,,,,,,,,,,,447.0,
Ryan Jeffers,C,MIN,28.8,MLB,,,498,,,,338,392,,409.3333,0.1965
Angeibel Gomez,SS,KCR,,,,,,,,,303,,,303.0,
Christian Oppor,SP,CWS,21.7,,,,,,,,,,,451.0,
Carlos Narvaez,C,BOS,27.3,,,,,,,,,453,,453.0,
Seth Lugo,SP,KCR,36.3,,,,,,,,,434,,434.0,
Sean Manaea,SP,NYM,34.1,,,,,,,,,331,,331.0,
Ethan Frey,OF,HOU,,,,,,,,,,,,456.0,
Lucas Giolito,SP,FA,31.7,,,,,,,,,396,,396.0,
Paul Goldschmidt,1B,NYY,38.5,,,,,,,,,,,465.0,
J.P. Crawford,SS,SEA,31.2,,,,,,,,,373,,373.0,
Curtis Mead,1B,CWS,25.4,MLB,,,481,,,,452,,,466.5,0.0435
Brayan Rocchio,SS,CLE,25.2,MLB,,,482,,,,491,477,,483.3333,0.0145
Sean Murphy,C,ATL,31.4,,,,,,,,,495,,495.0,
Heston Kjerstad,OF,BAL,27.1,,,,,,,,,442,,442.0,
Gavin Stone,SP,LAD,27.4,,,,,,,,,,,473.0,
Nolan Gorman,2B,STL,25.8,,,,,,,,,401,,401.0,
Felix Bautista,RP,BAL,30.8,,,,,,,,,489,,489.0,
Rhys Hoskins,1B,FA,33.0,,,,,,,,,,,476.0,
Enrique Bradfield Jr.,OF,BAL,,,,,,,,,,,,483.0,
Jake Cronenworth,2B,SDP,32.2,,,,,,,,,395,,395.0,
Jeff McNeil,2B,ATH,33.9,,,,,,,,,336,,336.0,
Esteban Mejia,SP,BAL,21.3,,,,,,,,,,,487.0,
Jorge Soler,OF,LAA,34.1,,,,,,,,496,454,,475.0,0.0619
Ryan Mountcastle,1B,BAL,29.1,,,,,,,,,458,,458.0,
Jake Bennett,SP,BOS,,,,,,,,,417,,,417.0,
Cody Ponce,SP,TOR,,,,,,,,,,284,,284.0,
Griffin Conine,OF,MIA,,,,,,,,,,300,,300.0,
Jameson Taillon,SP,CHC,,,,,,,,,,304,,304.0,
Johan Oviedo,SP,BOS,,,,,,,,,,315,,315.0,
Ryan Walker,RP,SF,,,,,,,,,,333,,333.0,
Michael Soroka,SP,ARI,28.9,MLB,,,386,,,,486,342,,404.6667,0.1801
Foster Griffin,SP,WSH,,,,,,,,,309,343,,326.0,0.0726
Josh Bell,UT,MIN,,,,,,,,,,346,,346.0,
River Ryan,SP,LAD,27.9,AAA,,,363,,,,337,352,,350.6667,0.0367
Romy Gonzalez,1B,BOS,,,,,,,,,,357,,357.0,
Yusei Kikuchi,SP,LAA,,,,,,,,,,359,,359.0,
Yoan Moncada,3B,LAA,,,,,,,,,,360,,360.0,
Robert Garcia,RP,TEX,,,,,,,,,,362,,362.0,
Braydon Fisher,RP,TOR,,,,,,,,,,363,,363.0,
David Peterson,SP,NYM,,,,,,,,,,368,,368.0,
Simeon Woods-Richardson,SP,MIN,,,,,,,,,,371,,371.0,
Edwin Uceta,RP,TB,,,,,,,,,,380,,380.0,
Andrew Benintendi,OF,CHW,,,,,,,,,,382,,382.0,
Garrett Whitlock,RP,BOS,30.1,MLB,,,445,,,,,384,,414.5,0.1028
Willi Castro,2B,COL,,,,,,,,,,385,,385.0,
Nolan Arenado,3B,ARI,,,,,,,,,,388,,388.0,
Ryan McMahon,3B,NYY,,,,,,,,,,390,,390.0,
Tony Santillan,RP,CIN,,,,,,,,,,393,,393.0,
Hyeseong Kim,2B,LAD,,,,,,,,,,397,,397.0,
JoJo Romero,RP,STL,,,,,,,,,,398,,398.0,
Javier Baez,SS,DET,,,,,,,,,,403,,403.0,
Denzel Clarke,OF,ATH,,,,,,,,,,404,,404.0,
Michael Wacha,SP,KC,,,,,,,,,,406,,406.0,
Jake Latz,RP,TEX,,,,,,,,,,408,,408.0,
Gavin Lux,UT,TB,,,,,,,,,,410,,410.0,
Chris Bassitt,SP,BAL,,,,,,,,,,413,,413.0,
Gavin Sheets,OF,SD,,,,,,,,,,415,,415.0,
Jared Triolo,SS,PIT,,,,,,,,,,417,,417.0,
Seranthony Dominguez,RP,CHW,,,,,,,,,,419,,419.0,
Dustin May,SP,STL,,,,,,,,,423,420,,421.5,0.005
Ben Joyce,RP,LAA,,,,,,,,,,421,,421.0,
Nick Yorke,2B,PIT,,,,,,,,,,426,,426.0,
Tyler Mahle,SP,SF,,,,,,,,,,427,,427.0,
Dean Kremer,SP,BAL,,,,,,,,,,428,,428.0,
Jake Meyers,OF,HOU,,,,,,,,,,431,,431.0,
Matt Brash,RP,SEA,,,,,,,,,,432,,432.0,
Luis Severino,SP,ATH,,,,,,,,,,435,,435.0,
Ryan Bergert,SP,KC,,,,,,,,,,436,,436.0,
Nick Castellanos,OF,SD,,,,,,,,,,437,,437.0,
Josiah Gray,SP,WSH,,,,,,,,,,439,,439.0,
Carmen Mlodzinski,RP,PIT,,,,,,,,,,444,,444.0,
Sean Burke,SP,CHW,26.5,MLB,,,434,,,,424,445,,434.3333,0.0239
Adrian Houser,SP,SF,,,,,,,,,,447,,447.0,
Jake Mangum,OF,PIT,,,,,,,,,,448,,448.0,
Michael McGreevy,SP,STL,25.9,MLB,,,411,,,,,449,,430.0,0.0618
Jordan Leasure,RP,CHW,,,,,,,,,,450,,450.0,
Tyler Wells,SP,BAL,,,,,,,,,,451,,451.0,
Richard Fitts,SP,STL,,,,,,,,,,455,,455.0,
Kody Clemens,1B,MIN,,,,,,,,,,457,,457.0,
Nathan Lukes,OF,TOR,,,,,,,,,,459,,459.0,
Alek Thomas,OF,ARI,,,,,,,,,,462,,462.0,
Clayton Beeter,RP,WSH,,,,,,,,,,463,,463.0,
Will Vest,RP,DET,,,,,,,,,,464,,464.0,
Didier Fuentes,SP,ATL,21,MLB,,,210,,,,410,465,,361.6667,0.366
Mike Yastrzemski,OF,ATL,,,,,,,,,,466,,466.0,
Mason Montgomery,RP,PIT,,,,,,,,,,468,,468.0,
Edouard Julien,1B,COL,,,,,,,,,,470,,470.0,
Miguel Andujar,3B,SD,,,,,,,,,,473,,473.0,
Luke Weaver,RP,NYM,,,,,,,,,,474,,474.0,
Brooks Baldwin,OF,CHW,,,,,,,,,,475,,475.0,
Eduardo Rodriguez,SP,ARI,,,,,,,,,,476,,476.0,
Javier Sanoja,3B,MIA,,,,,,,,,,478,,478.0,
Anthony Kay,SP,CHW,,,,,,,,,,479,,479.0,
Christopher Morel,OF,MIA,,,,,,,,,,480,,480.0,
Wenceel Perez,OF,DET,,,,,,,,,,481,,481.0,
Davis Schneider,OF,TOR,,,,,,,,,,483,,483.0,
Hunter Gaddis,RP,CLE,,,,,,,,,,484,,484.0,
Ke'Bryan Hayes,3B,CIN,,,,,,,,,,485,,485.0,
Camilo Doval,RP,NYY,,,,,,,,,,486,,486.0,
Carson Kelly,C,CHC,,,,,,,,,,487,,487.0,
Robert Hassell,OF,WSH,,,,,,,,,,490,,490.0,
Robert Stephenson,RP,LAA,,,,,,,,,,491,,491.0,
Thomas Saggese,2B,STL,,,,,,,,,,492,,492.0,
Kyle Leahy,RP,STL,,,,,,,,,,494,,494.0,
Jose Ferrer,RP,SEA,,,,,,,,,,497,,497.0,
Gabriel Arias,SS,CLE,,,,,,,,,,498,,498.0,
DJ Herz,SP,WSH,,,,,,,,,,499,,499.0,
Sam Antonacci,2B,CHW,23.3,MLB,,,192,,97,,98,,,129.0,0.4072
Bryce Elder,SP,ATL,27.02,MLB,,,310,,159,,,,,234.5,0.4458
Casey Schmitt,1B,SFG,27.14,MLB,,,323,,164,,,,,243.5,0.4524
Ronny Cruz,,,19.9,A+,,,404,,,,310,,,357.0,0.1836
Emerson Hancock,,,27.1,MLB,,,144,,,,459,,,301.5,0.7267
Liam Hicks,,,27.1,MLB,,,235,,,,,,,235.0,
Anthony Eyanson,,,21.7,AA,,,220,,200,,212,,,210.6667,0.0467
Henry Bolte,,,22.9,MLB,,,242,,153,,208,,,201.0,0.218
Angel Martinez,,,24.4,MLB,,,368,,,,,,,368.0,
Jake Bauers,1B,MIL,,,,,,,172,,487,,,329.5,0.6659
Jake McCarthy,OF,ARZ,,,,,,,176,,,,,176.0,
TJ Rumfield,1B,COL,25,,,,464,,184,,369,,,339.0,0.4139
Eric Hartman,OF,ATL,20,A+,,,314,,195,,126,,,211.6667,0.4389
Josiah Hartshorn,OF,CHC,19.4,A+,,,423,,,,204,,,313.5,0.4862
Roldy Brito,OF,COL,,,,,,,,,227,,,227.0,
Luis Lara,OF,MIL,21.6,AAA,,,259,,,,229,,,244.0,0.0852
Josh Adamczewski,OF,MIL,21.1,AA,,,496,,,,244,,,370.0,0.4752
Karson Milbrandt,SP,MIA,22.2,AAA,,,301,,,,261,,,281.0,0.0989
Cooper Flemming,SS,TB,,,,,,,,,312,,,312.0,
Louis Varland,RP,TOR,28.6,MLB,,,341,,,,313,,,327.0,0.0596
Taitn Gray,1B,TB,18.9,A,,,426,,,,315,,,370.5,0.209
Christian Zazueta,SP,LAD,,,,,,,,,316,,,316.0,
Alexander Frias,OF,MIL,,,,,,,,,322,,,322.0,
Charles Davalan,OF,LAD,,,,,,,,,326,,,326.0,
Tate Southisene,SS,ATL,,,,,,,,,335,,,335.0,
Pedro Ramirez,3B,CHC,22.2,MLB,,,327,,,,336,,,331.5,0.0189
Cooper Ingle,C,CLE,24.4,MLB,,,449,,,,340,,,394.5,0.1929
Enddy Azocar,OF,BOS,,,,,,,,,350,,,350.0,
Connor Prielipp,SP,MIN,25.5,MLB,,,371,,,,357,,,364.0,0.0268
Aidan West,SS,LAD,,,,,,,,,358,,,358.0,
Jhomnardo Reyes,OF,MIN,,,,,,,,,359,,,359.0,
Yohendrick Pinango,OF,TOR,,,,,,,,,363,,,363.0,
Jefferson Rojas,SS,CHC,21.2,AA,,,373,,,,365,,,369.0,0.0151
Nathan Flewelling,C,TB,,,,,,,,,370,,,370.0,
Kane Kepley,OF,CHC,,,,,,,,,371,,,371.0,
Kevin Alvarez,OF,HOU,18.5,A,,,443,,,,374,,,408.5,0.118
Caden Bodine,C,TB,,,,,,,,,376,,,376.0,
Chase Harlan,3B,LAD,,,,,,,,,398,,,398.0,
Tanner Franklin,SP,STL,,,,,,,,,400,,,400.0,
Riley Quick,SP,MIN,,,,,,,,,401,,,401.0,
JD Dix,SS,AZ,,,,,,,,,408,,,408.0,
Joseph Dzierwa,SP,BAL,22.2,AA,,,422,,,,418,,,420.0,0.0067
Davis Martin,SP,CWS,29.5,MLB,,,456,,,,422,,,439.0,0.0541
Anderson Brito,SP,TB,,,,,,,,,428,,,428.0,
John Gil,SS,ATL,20.1,A+,,,495,,,,430,,,462.5,0.0983
Miguel Sime Jr.,SP,WSH,,,,,,,,,433,,,433.0,
Franklin Primera,C,BOS,,,,,,,,,434,,,434.0,
Hendry Mendez,OF,MIN,,,,,,,,,435,,,435.0,
Zach Root,SP,LAD,,,,,,,,,437,,,437.0,
Jake Bloss,SP,TOR,,,,,,,,,440,,,440.0,
Nolan Perry,SP,TOR,,,,,,,,,448,,,448.0,
Wei-En Lin,SP,ATH,20.7,AAA,,,475,,,,453,,,464.0,0.0332
Robert Arias,OF,CLE,,,,,,,,,458,,,458.0,
Emanuel Luna,SS,STL,,,,,,,,,460,,,460.0,
Francisco Renteria,OF,PHI,,,,,,,,,462,,,462.0,
JJ Bleday,OF,CIN,28.6,MLB,,,367,,,,464,,,415.5,0.1631
Sebastian Dos Santos,SS,STL,,,,,,,,,466,,,466.0,
Blake Burke,1B,MIL,,,,,,,,,472,,,472.0,
Henry Godbout,2B,BOS,,,,,,,,,478,,,478.0,
Murf Gray,3B,PIT,,,,,,,,,484,,,484.0,
Coy James,SS,WSH,,,,,,,,,485,,,485.0,
Owen Ayers,C,CHC,,,,,,,,,488,,,488.0,
Max Muncy,2B,ATH,23.8,MLB,,,322,,,,,,,322.0,
Cole Carrigg,OF,COL,24.1,MLB,,,353,,,,,,,353.0,
Blaze Jordan,1B,STL,23.5,MLB,,,365,,,,,,,365.0,
Jack Wenninger,SP,NYM,24.3,AAA,,,382,,,,,,,382.0,
Kendry Rojas,SP,MIN,23.6,MLB,,,429,,,,,,,429.0,
Jose Fernandez,1B,AZ,22.8,MLB,,,452,,,,,,,452.0,
Randy Vasquez,SP,SD,27.7,MLB,,,462,,,,,,,462.0,
Gavin Kilen,SS,SF,22.3,A+,,,471,,,,,,,471.0,
Jacob Gonzalez,1B,CWS,24.1,MLB,,,477,,,,,,,477.0,
Walbert Urena,SP,LAA,22.4,MLB,,,497,,,,,,,497.0,
